<?xml version="1.0" encoding="UTF-8"?>
<demographics id="24sp">
  <patient id="FFFFF">
    <birthday>
      <month>3</month>
      <day>1</day>
      <year>2002</year>
    </birthday>
    <weight>144</weight>
    <ethnicities>
      <ethnicity id="N">American or Alaskan Native</ethnicity>
    </ethnicities>
  </patient>
  <patient id="FFFFE">
    <birthday>
      <month>10</month>
      <day>30</day>
      <year>1998</year>
    </birthday>
    <weight>125</weight>
    <smoker />
    <ethnicities>
      <ethnicity id="B">African American</ethnicity>
    </ethnicities>
  </patient>
</demographics>
